{
  "main": {
    "id": "55ac25372e14deef",
    "type": "split",
    "children": [
      {
        "id": "af25d289f7008111",
        "type": "tabs",
        "children": [
          {
            "id": "8c439c5f655a39c0",
            "type": "leaf",
            "state": {
              "type": "markdown",
              "state": {
                "file": "README.md",
                "mode": "source",
                "source": false
              }
            }
          }
        ]
      }
    ],
    "direction": "vertical"
  },
  "left": {
    "id": "9d848e57da14e073",
    "type": "split",
    "children": [
      {
        "id": "32546f5046a6c399",
        "type": "tabs",
        "children": [
          {
            "id": "e748412f14a1414b",
            "type": "leaf",
            "state": {
              "type": "file-explorer",
              "state": {
                "sortOrder": "alphabetical"
              }
            }
          },
          {
            "id": "0dbb58f86763b625",
            "type": "leaf",
            "state": {
              "type": "search",
              "state": {
                "query": "",
                "matchingCase": false,
                "explainSearch": false,
                "collapseAll": false,
                "extraContext": false,
                "sortOrder": "alphabetical"
              }
            }
          },
          {
            "id": "00bd779d4eda4a89",
            "type": "leaf",
            "state": {
              "type": "bookmarks",
              "state": {}
            }
          }
        ]
      }
    ],
    "direction": "horizontal",
    "width": 300
  },
  "right": {
    "id": "f26062ceacff1568",
    "type": "split",
    "children": [
      {
        "id": "4fb38468eeb1f30e",
        "type": "tabs",
        "children": [
          {
            "id": "0138c3c7bca49ec0",
            "type": "leaf",
            "state": {
              "type": "backlink",
              "state": {
                "file": "README.md",
                "collapseAll": false,
                "extraContext": false,
                "sortOrder": "alphabetical",
                "showSearch": false,
                "searchQuery": "",
                "backlinkCollapsed": false,
                "unlinkedCollapsed": true
              }
            }
          },
          {
            "id": "734d57370a1edec9",
            "type": "leaf",
            "state": {
              "type": "outgoing-link",
              "state": {
                "file": "README.md",
                "linksCollapsed": false,
                "unlinkedCollapsed": true
              }
            }
          },
          {
            "id": "b8b81cfa865fae70",
            "type": "leaf",
            "state": {
              "type": "tag",
              "state": {
                "sortOrder": "frequency",
                "useHierarchy": true
              }
            }
          },
          {
            "id": "a8b74df50ce4422a",
            "type": "leaf",
            "state": {
              "type": "outline",
              "state": {
                "file": "README.md"
              }
            }
          }
        ]
      }
    ],
    "direction": "horizontal",
    "width": 300,
    "collapsed": true
  },
  "left-ribbon": {
    "hiddenItems": {
      "switcher:Open quick switcher": false,
      "graph:Open graph view": false,
      "canvas:Create new canvas": false,
      "daily-notes:Open today's daily note": false,
      "templates:Insert template": false,
      "command-palette:Open command palette": false
    }
  },
  "active": "8c439c5f655a39c0",
  "lastOpenFiles": [
    "archive/dataview-ver-log/1.0/test-files/input/movieratings-data.csv",
    "archive/dataview-ver-log/1.0/test-files/input/demographic-data.csv",
    "archive/dataview-ver-log/1.0/test-files/input/organizations-data.csv",
    "archive/dataview-ver-log/1.0/helpers/__pycache__/generative.cpython-311.pyc",
    "archive/dataview-ver-log/1.0/helpers/__pycache__/utilities.cpython-311.pyc",
    "archive/dataview-ver-log/1.0/other/dataview-github-banner-1.png",
    "archive/dataview-ver-log/1.0/test-files/output",
    "archive/dataview-ver-log/1.0/helpers/utilities.py",
    "archive/dataview-ver-log/1.0/helpers/generative.py",
    "archive/dataview-ver-log/1.0/test-files/input",
    "archive/dataview-ver-log/1.0/helpers/__pycache__",
    "archive/dataview-ver-log/1.0/requirements.txt",
    "archive/dataview-ver-log/1.0/README.md",
    "archive/dataview-ver-log/1.0/test-files/output/organizations-data_dataview-output/Number of employees-lineplot-white-skyblue.png",
    "archive/dataview-ver-log/1.0/test-files/output/organizations-data_dataview-output/Number of employees-violinplot-white-skyblue.png",
    "archive/dataview-ver-log/1.0/test-files/output/organizations-data_dataview-output/Number of employees-histogram-white-skyblue.png",
    "archive/dataview-ver-log/1.0/test-files/output/organizations-data_dataview-output/Number of employees-kdeplot-white-skyblue.png",
    "archive/dataview-ver-log/1.0/test-files/output/organizations-data_dataview-output/Number of employees-cdfplot-white-skyblue.png",
    "archive/dataview-ver-log/1.0/test-files/output/organizations-data_dataview-output/Industry-wordcloud.png",
    "archive/dataview-ver-log/1.0/test-files/output/organizations-data_dataview-output/Number of employees-boxplot-white-skyblue.png",
    "archive/dataview-ver-log/1.0/test-files/output/organizations-data_dataview-output/Industry-countplot-white-skyblue.png",
    "archive/dataview-ver-log/1.0/test-files/output/organizations-data_dataview-output/Industry-piechart-white-skyblue.png"
  ]
}